{
    "categories": [
        {
            "title": "GENERAL KNOWLEDGE",
            "quizDate": "20 October",
            "lastScore": "70%",
            "backgroundColor": "#250046",
            "image": "~/images/GK.png",
            "questions": [
                {
                    "question": "What is the symbol of water",
                    "options": [
                        "Ho2",
                        "HO",
                        "H2O",
                        "C02"
                    ],
                    "correctAnswerIndex": 2
                },
                {
                    "question": "How many colors in rainbow",
                    "options": [
                        "3",
                        "7",
                        "1",
                        "None of the above."
                    ],
                    "correctAnswerIndex": 1
                },
                {
                    "question": "What is the PH value in water",
                    "options": [
                        "7",
                        "3",
                        "1",
                        "4"
                    ],
                    "correctAnswerIndex": 0
                },
                {
                    "question": "What is the latest rolled out andriod version",
                    "options": [
                        "11",
                        "10",
                        "8",
                        "9"
                    ],
                    "correctAnswerIndex": 3
                },
                {
                    "question": "Who won the last cricket world cup",
                    "options": [
                        "India",
                        "Newzland",
                        "England",
                        "Australia"
                    ],
                    "correctAnswerIndex": 2
                }
            ]
        },
        {
            "title": "MOVIES",
            "quizDate": "20 October",
            "lastScore": "70%",
            "backgroundColor": "#0D0735",
            "image": "~/images/Movies.png",
            "questions": [
                {
                    "question": "Name the actor in Men in Black?",
                    "options": [
                        "Willsmith",
                        "Tomcurse",
                        "Vijaykanth",
                        "Vadivelu"
                    ],
                    "correctAnswerIndex": 0
                },
                {
                    "question": "Who is the director of I Movie",
                    "options": [
                        "Subbaraj",
                        "Santhosh",
                        "Shankar",
                        "Bala"
                    ],
                    "correctAnswerIndex": 2
                },
                {
                    "question": "50th movie of Ajith",
                    "options": [
                        "Kodi",
                        "Sura",
                        "Mankatha",
                        "None of the above"
                    ],
                    "correctAnswerIndex": 2
                }
            ]
        },
        {
            "title": "SECURITY",
            "quizDate": "20 October",
            "lastScore": "70%",
            "backgroundColor": "#020046",
            "image": "~/images/security.png",
            "questions": [
                {
                    "question": "Which command would you use to apply an access list to a router interface?",
                    "options": [
                        "ip access-list 101 out",
                        "access-list ip 101 in",
                        "ip access-group 101 in",
                        "access-group ip 101 in"
                    ],
                    "correctAnswerIndex": 3
                },
                {
                    "question": "What command will permit SMTP mail to only host 1.1.1.1?",
                    "options": [
                        "access-list 10 permit smtp host 1.1.1.1",
                        "access-list 110 permit ip smtp host 1.1.1.1",
                        "access-list 10 permit tcp any host 1.1.1.1 eq smtp",
                        "access-list 110 permit tcp any host 1.1.1.1 eq smtp"
                    ],
                    "correctAnswerIndex": 3
                },
                {
                    "question": "Which router command allows you to view the entire contents of all access lists?",
                    "options": [
                        "Router# show interface",
                        "Router> show ip interface",
                        "Router# show access-lists",
                        "Router> show all access-lists"
                    ],
                    "correctAnswerIndex": 2
                }
            ]
        }
    ]
}